Error Rate,Average Evals,Time to test,Average Time,Model Weights,Layers,conv_layers,Epocs,Hidden Dimensions
265.4638978006826,204.1762711452791,2.5857391357421875,7.646722270419008e-05,test1_model_weights.pth,2,50,256
262.03491102130346,140.24821258752922,18.115503072738647,0.000535723917339392,test2_model_weights.pth,6,50,1024
170.2159295898019,171.70036595281448,68.60108804702759,0.0020287176710639533,test3_model_weights.pth,8,50,2048
140176.3332146213,140338.59848366384,2.838024377822876,8.392797213730226e-05,test1_model_weights.pth,2,50,256
96248.73193525514,96399.26414287125,19.926337957382202,0.0005892751133337928,test2_model_weights.pth,6,50,1024
267.56089358017607,171.70036595281448,82.69319486618042,0.002445458963956245,test3_model_weights.pth,8,50,2048
